{
  "success_rate": 0.0,
  "mpkpe": 0.1361,
  "r_mpkpe": 0.09862102568149567,
  "joint_vel_error": 6.634036064147949,
  "ee_pos_error": 0.1659,
  "ee_ori_error": 0.5170247554779053,
  "artifact_source": "worker-3 smoke eval at ~253952 env steps"
}
